S,B,latency,memory,energy
32,1,0.0001907420009956,40175616.0,0.014052
32,2,0.0002408780019322,40212480.0,0.013689
32,4,0.0001932424984261,40286208.0,0.020992999999999998
32,8,0.0001901074992929,40433664.0,0.014846
32,16,0.0001897769998322,40728576.0,0.024894
32,32,0.0002232374972663,42356736.0,0.019464
32,64,0.0002581480021035,45613056.0,0.039545000000000004
32,128,0.0003797300014412,52125696.0,0.062582
32,256,0.0006318369996733,66813952.0,0.138536
64,1,0.0001925324995681,43401216.0,0.021215
64,2,0.0001911770013975,43548672.0,0.022694
64,4,0.0001947175005625,43843584.0,0.016585000000000003
64,8,0.0001968269989447,44433408.0,0.029675
64,16,0.00021370200011,45613056.0,0.026398
64,32,0.0003030534990102,52125696.0,0.05299
64,64,0.0004797459987457,66813952.0,0.129238
64,128,0.0008782205004536,92241920.0,0.252876
64,256,0.0019632969997473,143302656.0,0.423942
128,1,0.0001978569980565,38830080.0,0.036194000000000004
128,2,0.000203297500775,39944192.0,0.021816
128,4,0.0002591530010249,42172416.0,0.043254
128,8,0.0003343435018905,46628864.0,0.075428
128,16,0.0005513965006684,55541760.0,0.164017
128,32,0.0011625134993664,73367552.0,0.291194
128,64,0.002248700500786,109019136.0,0.562501
128,128,0.0046970684998086,180322304.0,1.132921
128,256,0.0090887280002789,322928640.0,2.242845
224,1,0.0002309479987161,41127936.0,0.048183
224,2,0.0003071539995289,44539904.0,0.073041
224,4,0.000474625499919,51363840.0,0.113006
224,8,0.0008140439986163,104429568.0,0.237838
224,16,0.0014485965002677,119601152.0,0.372307
224,32,0.0036559019990818,146898944.0,0.866655
224,64,0.0069847144986852,256081920.0,1.76248
224,128,0.0140752789993712,474447872.0,3.534665
224,256,0.0284783770021022,911179776.0,7.111397
256,1,0.0002358724996156,42172416.0,0.054052
256,2,0.0003410289991734,46628864.0,0.081509
256,4,0.0005561415000556,55541760.0,0.142843
256,8,0.0009829560003709,124428288.0,0.268223
256,16,0.0018235904990433,143302656.0,0.45136000000000004
256,32,0.0043973145020572,180322304.0,1.087507
256,64,0.009158243499769,322928640.0,2.321628
256,128,0.0184085370019602,608141312.0,4.622523
256,256,0.0367963035005232,1178566656.0,9.243366
384,1,0.0003465634999884,47742976.0,0.090942
384,2,0.0005803119984193,57769984.0,0.162843
384,4,0.0015014470009191,185972736.0,0.367369
384,8,0.0024312825007655,207206400.0,0.5624669999999999
384,16,0.0040058049999061,249673728.0,0.986785
384,32,0.0102930649991321,358580224.0,2.596699
384,64,0.0210775209980056,679444480.0,5.304066
384,128,0.0411983454978326,1321172992.0,10.345888
384,256,0.0826583784983086,2604630016.0,20.643995999999998
512,1,0.0005446320028568,55541760.0,0.13944900000000002
512,2,0.0020345029988675,291600384.0,0.457823
512,4,0.0028798019993701,310474752.0,0.62102
512,8,0.0044198190007591,348223488.0,1.043042
512,16,0.0077529054997285,423720960.0,1.844875
512,32,0.0187454170009004,608141312.0,4.71058
512,64,0.0377638760019181,1178566656.0,9.452074
512,128,0.0738326855007471,2319417344.0,18.455394000000002
512,256,0.1481502309998177,4601118720.0,36.306504999999994
